net,length_um
clk,1.3513mm
clknet_1_1__leaf_clk,1.23711mm
u_top.dataMemory.clear_active,1.16988mm
reset,1.072895mm
clknet_1_0__leaf_clk,1.04812mm
net12,855.16µm
_0694_,602.08µm
net41,599.08µm
_0673_,574.62µm
_0672_,555.55µm
clknet_0_clk_regs,315.99µm
_0674_,293.34µm
_0695_,291.98µm
_0433_,246.34µm
u_top.dataMemory.s0_addr0[6],245.04µm
_0676_,244.24µm
_0677_,243.28µm
clknet_0_clk,242.92µm
_0291_,234.36µm
_0680_,233.56µm
_0675_,233.36µm
net7,231.96µm
net70,230.18µm
u_top.dataMemory.s0_addr0[7],220.22µm
_0691_,202.22µm
net47,197.58µm
_0690_,194.4µm
u_top.dataMemory.s1_addr0[6],192.72µm
u_top.dataMemory.s1_addr0[4],183.6µm
u_top.dataMemory.s1_addr0[3],175.52µm
u_top.dataMemory.s1_addr0[2],174.14µm
_0688_,171.76µm
net8,170.16µm
_0578_,165.18µm
_0467_,148.93µm
net6,148.595µm
clknet_4_1__leaf_clk_regs,136.5µm
net43,129.99µm
net49,128.52µm
_0629_,126.36µm
net71,118.56µm
net50,118.1µm
_0666_,117.66µm
net62,113.95µm
clknet_4_0__leaf_clk_regs,109.36µm
net48,108.34µm
net61,106.72µm
net59,106.68µm
_0593_,105.5µm
net65,103.4µm
net68,102.78µm
net69,102.4µm
_0574_,99.24µm
_0577_,97.31µm
net67,97.12µm
net64,97.04µm
_0637_,96.8µm
clknet_4_4__leaf_clk_regs,96.68µm
net44,96.47µm
clknet_4_11__leaf_clk_regs,96.26µm
net179,94.71µm
_0639_,93.59µm
_0634_,91.62µm
clknet_4_5__leaf_clk_regs,91.46µm
_0635_,91.29µm
_0638_,89.49µm
clknet_4_9__leaf_clk_regs,89.12µm
_0495_,88.9µm
clknet_4_8__leaf_clk_regs,88.04µm
net22,87.95µm
net57,86.2µm
net181,85.24µm
u_top.RV32I_Logic.Single_Cycle_Datapath.pcREG.q[12],85.16µm
net9,84.945µm
_0573_,83.74µm
_0692_,83.48µm
clknet_4_13__leaf_clk_regs,83.4µm
_0664_,83.04µm
clknet_4_7__leaf_clk_regs,82.06µm
_0660_,81.84µm
net173,80.51µm
_0640_,79.95µm
net168,79.3µm
_0667_,78.56µm
clknet_4_14__leaf_clk_regs,77.88µm
clknet_4_10__leaf_clk_regs,77.34µm
_0645_,77.21µm
_0671_,76.82µm
_0665_,76.34µm
clknet_4_2__leaf_clk_regs,76.04µm
_0644_,74.38µm
_0466_,74.18µm
clknet_4_3__leaf_clk_regs,73.64µm
net166,72.8µm
_0668_,71.6µm
net60,71.44µm
clknet_4_12__leaf_clk_regs,71.03µm
_0647_,70.98µm
_0649_,70.08µm
_0670_,69.78µm
clknet_4_6__leaf_clk_regs,68.48µm
_0615_,67.47µm
clknet_4_15__leaf_clk_regs,67.04µm
_0641_,65.905µm
net182,65.74µm
net45,63.72µm
_0643_,62.9µm
u_top.dataMemory.s1_wmask0[3],62.6µm
_0474_,60.58µm
net174,59.875µm
_0499_,59.62µm
_0682_,58.56µm
net52,58.01µm
_0636_,56.99µm
net63,56.02µm
_0651_,56µm
_0455_,55.78µm
_0600_,55.29µm
_0521_,55.12µm
_0579_,54.8µm
net56,53.14µm
_0642_,53.12µm
_0485_,53.02µm
u_top.dataMemory.s0_wmask0[3],50.1µm
u_top.dataMemory.s1_csb0,50.06µm
_0623_,49.06µm
_0669_,48.78µm
_0481_,48.5µm
_0476_,48.1µm
net66,47.62µm
_0646_,47.46µm
_0679_,46.6µm
_0471_,46.28µm
_0493_,45.24µm
_0290_,44.08µm
_0648_,43.7µm
_0528_,43.68µm
net164,43.28µm
_0502_,42.94µm
_0484_,42.12µm
_0492_,42.12µm
_0663_,41.94µm
_0605_,41.74µm
net51,40.58µm
net46,39.54µm
_0610_,38.92µm
_0537_,37.2µm
_0554_,36.84µm
net32,35.93µm
_0683_,35.9µm
_0486_,35.5µm
_0524_,35.5µm
_0662_,35.32µm
_0548_,35.12µm
_0462_,34.88µm
_0684_,34.46µm
_0546_,34.2µm
_0441_,34.14µm
_0544_,33.26µm
_0526_,32.7µm
_0464_,32.68µm
_0540_,32.48µm
net170,32.22µm
_0494_,31.6µm
_0437_,31.455µm
_0442_,31.38µm
_0482_,31.26µm
_0588_,31.26µm
_0472_,30.94µm
_0543_,30.72µm
_0503_,30.7µm
_0709_,30.58µm
u_top.dataMemory.s0_addr0[5],29.72µm
_0469_,29.455µm
_0731_,29.08µm
_0653_,28.94µm
_0506_,28.24µm
_0527_,27.82µm
u_top.dataMemory.s1_addr0[5],27.44µm
u_top.dataMemory.s1_addr0[8],27.44µm
_0650_,26.76µm
_0507_,26.54µm
u_top.dataMemory.s0_csb0,26.24µm
_0514_,26.1µm
_0584_,26.06µm
_0678_,25.72µm
_0656_,25.36µm
u_top.dataMemory.s1_addr0[7],25.3µm
_0532_,25.02µm
_0517_,24.94µm
_0699_,24.84µm
u_top.dataMemory.s0_addr0[8],24.72µm
clknet_3_3_0_clk_regs,24.26µm
net42,24.22µm
_0563_,24.1µm
clknet_3_1_0_clk_regs,24.08µm
_0531_,23.68µm
_0657_,23.6µm
clknet_3_6_0_clk_regs,23.56µm
clknet_3_4_0_clk_regs,23.54µm
_0721_,23.46µm
_0513_,23.44µm
_0740_,23.28µm
_0545_,23.22µm
_0541_,23.05µm
clknet_3_5_0_clk_regs,22.96µm
_0661_,22.86µm
_0542_,22.82µm
_0518_,22.74µm
_0519_,22.68µm
_0550_,22.48µm
_0734_,22.2µm
_0510_,22.12µm
_0598_,22.04µm
_0534_,21.94µm
_0710_,21.8µm
_0561_,21.68µm
_0730_,21.66µm
_0719_,21.34µm
_0504_,21.24µm
_0685_,21.24µm
_0772_,21.22µm
u_top.dataMemory.s0_addr0[3],21.2µm
u_top.dataMemory.s0_addr0[0],21.02µm
_0529_,20.84µm
_0763_,20.74µm
_0752_,20.7µm
_0766_,20.54µm
net177,20.52µm
net175,20.4µm
_0535_,20.34µm
_0652_,20.28µm
_0742_,20.16µm
u_top.dataMemory.s0_addr0[4],20.08µm
net198,20.07µm
clknet_3_2_0_clk_regs,19.98µm
_0708_,19.86µm
_0713_,19.86µm
_0477_,19.64µm
u_top.dataMemory.s1_addr0[1],19.64µm
_0473_,19.52µm
net193,19.45µm
_0440_,19.42µm
u_top.dataMemory.s0_addr0[2],19.4µm
_0697_,19.16µm
clknet_3_7_0_clk_regs,19.12µm
_0700_,18.98µm
_0706_,18.94µm
_0515_,18.93µm
net192,18.91µm
_0716_,18.88µm
clknet_3_0_0_clk_regs,18.82µm
u_top.dataMemory.s1_addr0[0],18.68µm
_0445_,18.58µm
_0659_,18.58µm
u_top.instruction_mmu.u_tlb.flags\[0\][3],18.28µm
_0622_,18.24µm
_0744_,18.24µm
_0570_,18.16µm
_0511_,18.12µm
_0773_,18.1µm
_0707_,18.02µm
_0525_,17.98µm
_0693_,17.94µm
_0549_,17.9µm
_0547_,17.8µm
_0712_,17.8µm
_0753_,17.46µm
net176,17.4µm
_0654_,17.36µm
_0727_,17.36µm
_0609_,17.26µm
_0769_,17.22µm
_0720_,17.2µm
_0498_,17.18µm
_0448_,17.13µm
_0780_,17.08µm
_0500_,17µm
_0026_,16.9µm
_0505_,16.9µm
_0738_,16.8µm
net204,16.8µm
_0520_,16.76µm
_0571_,16.74µm
_0619_,16.64µm
net194,16.63µm
_0732_,16.62µm
_0439_,16.58µm
net200,16.53µm
_0696_,16.48µm
u_top.dataMemory.s0_addr0[1],16.42µm
_0438_,16.4µm
_0536_,16.3µm
_0711_,16.28µm
_0597_,16.24µm
_0741_,16.14µm
u_top.instruction_mmu.u_tlb.flags\[2\][3],16.12µm
_0539_,16.1µm
_0689_,16.1µm
_0764_,16.02µm
_0468_,15.98µm
_0758_,15.9µm
_0552_,15.84µm
_0779_,15.84µm
_0686_,15.76µm
net197,15.71µm
_0627_,15.64µm
net209,15.62µm
_0754_,15.6µm
net188,15.6µm
u_top.instruction_mmu.u_tlb.flags\[1\][3],15.56µm
_0702_,15.54µm
_0783_,15.52µm
net201,15.45µm
_0733_,15.44µm
_0488_,15.38µm
_0761_,15.38µm
net186,15.36µm
_0687_,15.3µm
_0718_,15.26µm
_0781_,15.22µm
net202,15.17µm
net208,15.16µm
_0714_,15.1µm
_0553_,14.96µm
_0567_,14.88µm
net79,14.73µm
net184,14.73µm
net190,14.68µm
net53,14.64µm
_0475_,14.42µm
_0630_,14.42µm
net115,14.42µm
net120,14.31µm
_0432_,14.3µm
_0736_,14.3µm
_0516_,14.08µm
net55,14.06µm
_0757_,14µm
_0739_,13.98µm
net73,13.94µm
net74,13.94µm
_0751_,13.86µm
_0451_,13.76µm
_0508_,13.76µm
net114,13.74µm
net91,13.73µm
net81,13.65µm
_0756_,13.58µm
net80,13.57µm
net195,13.56µm
_0576_,13.54µm
_0723_,13.54µm
_0497_,13.48µm
_0737_,13.42µm
net89,13.41µm
_0765_,13.38µm
net207,13.36µm
net206,13.34µm
_0698_,13.3µm
net85,13.29µm
net86,13.29µm
net88,13.29µm
net93,13.29µm
net94,13.29µm
net96,13.29µm
net97,13.29µm
net104,13.29µm
net105,13.29µm
net117,13.28µm
net185,13.27µm
net100,13.21µm
net199,13.21µm
net191,13.14µm
net118,13.06µm
net189,13.04µm
_0568_,13µm
_0717_,12.96µm
_0729_,12.94µm
net132,12.91µm
net78,12.83µm
net82,12.83µm
net83,12.83µm
net84,12.83µm
net87,12.83µm
net90,12.83µm
net92,12.83µm
net95,12.83µm
net98,12.83µm
net99,12.83µm
net101,12.83µm
net102,12.83µm
net103,12.83µm
net106,12.83µm
net107,12.83µm
net108,12.83µm
net109,12.83µm
net110,12.83µm
net111,12.83µm
net122,12.83µm
_0614_,12.8µm
net121,12.75µm
net113,12.68µm
_0401_,12.64µm
net130,12.59µm
_0538_,12.58µm
net77,12.58µm
net112,12.58µm
net126,12.47µm
net127,12.47µm
net129,12.47µm
net134,12.47µm
net135,12.47µm
net137,12.47µm
net138,12.47µm
net145,12.47µm
net146,12.47µm
_0755_,12.46µm
net205,12.44µm
_0728_,12.42µm
net141,12.39µm
net196,12.39µm
_0746_,12.38µm
net116,12.38µm
_0450_,12.24µm
_0454_,12.12µm
net187,12.12µm
net72,12.11µm
net203,12.1µm
net75,12.06µm
net76,12.06µm
net119,12.01µm
net123,12.01µm
net124,12.01µm
net125,12.01µm
net128,12.01µm
net131,12.01µm
net133,12.01µm
net136,12.01µm
net139,12.01µm
net140,12.01µm
net142,12.01µm
net143,12.01µm
net144,12.01µm
net147,12.01µm
net148,12.01µm
net149,12.01µm
net150,12.01µm
net151,12.01µm
net152,12.01µm
net,12.01µm
_0447_,11.94µm
_0621_,11.94µm
_0412_,11.8µm
_0725_,11.74µm
_0767_,11.72µm
_0735_,11.66µm
u_top.instruction_mmu.u_tlb.vpn\[3\][3],11.6µm
u_top.instruction_mmu.u_tlb.flags\[3\][3],11.58µm
u_top.instruction_mmu.u_tlb.valid\[2\],11.48µm
_0722_,11.44µm
_0750_,11.42µm
_0715_,11.32µm
_0774_,11.2µm
_0705_,11.12µm
_0768_,11.08µm
u_top.RV32I_Logic.Single_Cycle_Datapath.pcREG.q[13],10.96µm
_0582_,10.68µm
_0428_,10.62µm
_0701_,10.62µm
_1039_,10.565µm
_0509_,10.4µm
_0724_,10.4µm
_0976_,10.285µm
_0487_,10.28µm
_0310_,10.26µm
_0565_,10.24µm
_0491_,10.16µm
_0778_,10.04µm
u_top.instruction_mmu.u_tlb.vpn\[2\][12],10.04µm
_0620_,10.005µm
_0353_,9.94µm
_0745_,9.9µm
_0770_,9.86µm
_0566_,9.82µm
u_top.instruction_mmu.u_tlb.vpn\[2\][4],9.82µm
_0592_,9.78µm
_0988_,9.665µm
_0771_,9.6µm
_0436_,9.58µm
_0417_,9.54µm
_0655_,9.5µm
_0483_,9.44µm
_0456_,9.4µm
_0329_,9.36µm
_1050_,9.36µm
_0378_,9.34µm
_0367_,9.3µm
_0658_,9.26µm
_1012_,9.225µm
_0631_,9.22µm
_0512_,9.18µm
_0952_,9.16µm
_0914_,9.125µm
_1026_,9.125µm
_0626_,9.12µm
_0435_,9.02µm
_0575_,9.02µm
_0479_,8.9µm
u_top.instruction_mmu.u_tlb.vpn\[3\][10],8.9µm
_0382_,8.86µm
u_top.RV32I_Logic.Single_Cycle_Datapath.pcREG.q[5],8.84µm
_0782_,8.78µm
net178,8.72µm
net167,8.71µm
_0606_,8.66µm
_0984_,8.485µm
net180,8.46µm
_0346_,8.44µm
_0748_,8.42µm
_0533_,8.36µm
_0551_,8.28µm
_1008_,8.235µm
_0877_,8.19µm
_0339_,8.1µm
_1037_,8.065µm
u_top.instruction_mmu.u_tlb.vpn\[2\][10],8.04µm
net211,8.04µm
u_top.instruction_mmu.u_tlb.vpn\[1\][13],8.02µm
_0966_,7.925µm
_1073_,7.72µm
u_top.instruction_mmu.u_tlb.valid\[0\],7.68µm
u_top.instruction_mmu.u_tlb.vpn\[0\][3],7.68µm
_0522_,7.66µm
_0611_,7.66µm
_0354_,7.64µm
u_top.dataMemory.clear_word[3],7.62µm
net34,7.62µm
_1032_,7.605µm
u_top.instruction_mmu.u_tlb.vpn\[1\][10],7.6µm
_0321_,7.58µm
_0423_,7.56µm
u_top.instruction_mmu.u_tlb.vpn\[3\][15],7.56µm
_0306_,7.52µm
_0316_,7.5µm
_0375_,7.38µm
gpio[2],7.35µm
_0956_,7.305µm
_0562_,7.3µm
_1017_,7.285µm
_0560_,7.24µm
_0604_,7.22µm
u_top.dataMemory.clear_word[7],7.22µm
_0760_,7.195µm
u_top.instruction_mmu.u_tlb.vpn\[1\][14],7.18µm
_0311_,7.1µm
_0446_,7.1µm
_0465_,7.1µm
_0616_,7.1µm
_0762_,7.08µm
_0938_,7.025µm
_1052_,7.025µm
_0946_,7µm
_0404_,6.94µm
gpio[3],6.89µm
_0558_,6.88µm
_1070_,6.88µm
_0313_,6.865µm
_0775_,6.84µm
_0726_,6.82µm
u_top.instruction_mmu.u_tlb.vpn\[1\][3],6.76µm
u_top.instruction_mmu.u_tlb.vpn\[3\][7],6.74µm
_0601_,6.72µm
_0749_,6.72µm
net15,6.72µm
_1067_,6.695µm
gpio[0],6.67µm
u_top.instruction_mmu.u_tlb.vpn\[0\][7],6.66µm
_0347_,6.64µm
_0470_,6.64µm
u_top.instruction_mmu.u_tlb.vpn\[3\][16],6.64µm
_0327_,6.6µm
_0361_,6.6µm
_0414_,6.6µm
net29,6.6µm
_0496_,6.54µm
_0777_,6.54µm
_0704_,6.48µm
_0894_,6.465µm
_1014_,6.465µm
_0569_,6.44µm
_0628_,6.44µm
_0312_,6.42µm
u_top.dataMemory.clear_word[9],6.3µm
u_top.instruction_mmu.u_tlb.vpn\[0\][2],6.3µm
u_top.instruction_mmu.u_tlb.vpn\[1\][4],6.3µm
u_top.instruction_mmu.u_tlb.vpn\[3\][18],6.3µm
_0385_,6.26µm
_0996_,6.255µm
_0459_,6.21µm
_0315_,6.2µm
_0420_,6.18µm
_0594_,6.18µm
_0356_,6.14µm
_0776_,6.14µm
_1068_,6.135µm
_0408_,6.12µm
_0411_,6.12µm
_0608_,6.085µm
_1028_,6.085µm
_0383_,6.06µm
_0916_,6.005µm
_0962_,6.005µm
_0618_,5.945µm
_0309_,5.9µm
_0898_,5.885µm
_0490_,5.84µm
u_top.instruction_mmu.u_tlb.vpn\[1\][12],5.84µm
u_top.instruction_mmu.u_tlb.vpn\[1\][18],5.84µm
_0449_,5.82µm
_0336_,5.8µm
_0399_,5.8µm
u_top.instruction_mmu.u_tlb.vpn\[2\][11],5.8µm
_0960_,5.765µm
_1016_,5.765µm
_1018_,5.765µm
u_top.instruction_mmu.u_tlb.vpn\[2\][1],5.74µm
u_top.RV32I_Logic.Single_Cycle_Datapath.pcREG.q[10],5.72µm
u_top.RV32I_Logic.Single_Cycle_Datapath.pcREG.q[29],5.72µm
u_top.RV32I_Logic.Single_Cycle_Datapath.pcREG.q[7],5.72µm
u_top.instruction_mmu.u_tlb.vpn\[1\][6],5.72µm
u_top.instruction_mmu.u_tlb.vpn\[3\][6],5.72µm
_0334_,5.68µm
_0379_,5.68µm
_0703_,5.68µm
u_top.instruction_mmu.u_tlb.vpn\[0\][10],5.68µm
_0930_,5.625µm
_0426_,5.6µm
_0559_,5.56µm
_0974_,5.545µm
_1030_,5.545µm
_0322_,5.5µm
_1077_,5.5µm
u_top.dataMemory.clear_word[2],5.48µm
_0994_,5.425µm
_0360_,5.38µm
_0434_,5.38µm
_0480_,5.38µm
u_top.dataMemory.clear_word[0],5.38µm
u_top.instruction_mmu.u_tlb.vpn\[0\][12],5.38µm
u_top.instruction_mmu.u_tlb.vpn\[2\][15],5.38µm
u_top.instruction_mmu.u_tlb.vpn\[2\][17],5.38µm
_0317_,5.36µm
_0523_,5.36µm
_0345_,5.34µm
_0427_,5.34µm
uart_tx,5.31µm
_0906_,5.305µm
_0998_,5.305µm
_1062_,5.305µm
_1064_,5.305µm
u_top.instruction_mmu.u_tlb.vpn\[2\][3],5.28µm
_0303_,5.26µm
_0359_,5.26µm
_0377_,5.26µm
u_top.instruction_mmu.u_tlb.vpn\[0\][5],5.26µm
_1000_,5.24µm
_0292_,5.22µm
_0392_,5.22µm
_0410_,5.22µm
u_top.RV32I_Logic.Single_Cycle_Datapath.pcREG.q[18],5.22µm
gpio[1],5.19µm
_0394_,5.14µm
_0403_,5.12µm
_0413_,5.1µm
_0489_,5.1µm
_0982_,5.085µm
_1006_,5.045µm
_1079_,5µm
_0362_,4.94µm
_0349_,4.92µm
_0530_,4.92µm
u_top.RV32I_Logic.Single_Cycle_Datapath.pcREG.q[15],4.92µm
u_top.RV32I_Logic.Single_Cycle_Datapath.pcREG.q[8],4.92µm
u_top.dataMemory.clear_last_pending,4.92µm
u_top.instruction_mmu.u_tlb.vpn\[0\][11],4.92µm
_0320_,4.88µm
_0365_,4.88µm
_0422_,4.88µm
_0425_,4.88µm
_0430_,4.88µm
_0587_,4.88µm
u_top.instruction_mmu.u_tlb.vpn\[1\][15],4.88µm
_0896_,4.845µm
_0942_,4.845µm
_0978_,4.845µm
_1002_,4.845µm
_1027_,4.845µm
_0318_,4.82µm
_0501_,4.82µm
net165,4.82µm
_0294_,4.8µm
_0305_,4.8µm
_0388_,4.8µm
u_top.RV32I_Logic.Single_Cycle_Datapath.pcREG.q[11],4.8µm
u_top.instruction_mmu.u_tlb.vpn\[3\][9],4.8µm
_1043_,4.785µm
_0304_,4.76µm
_0348_,4.76µm
_0370_,4.76µm
_0398_,4.76µm
u_top.RV32I_Logic.Single_Cycle_Datapath.pcREG.q[30],4.76µm
u_top.instruction_mmu.u_tlb.vpn\[3\][19],4.76µm
_0928_,4.725µm
_0968_,4.725µm
_0980_,4.725µm
_0298_,4.6µm
_0564_,4.6µm
_1024_,4.585µm
_1041_,4.585µm
clk_regs,4.58µm
_1072_,4.58µm
net36,4.56µm
_1071_,4.54µm
_0884_,4.51µm
_0342_,4.48µm
_0374_,4.46µm
u_top.instruction_mmu.u_tlb.vpn\[1\][17],4.46µm
u_top.instruction_mmu.u_tlb.vpn\[1\][9],4.46µm
net31,4.46µm
_0583_,4.45µm
_0325_,4.44µm
_0599_,4.44µm
_0332_,4.42µm
_0333_,4.42µm
u_top.instruction_mmu.u_tlb.vpn\[1\][11],4.42µm
net33,4.42µm
_0958_,4.385µm
_1025_,4.385µm
_0395_,4.36µm
_0307_,4.34µm
_0369_,4.34µm
u_top.instruction_mmu.u_tlb.vpn\[0\][4],4.34µm
u_top.instruction_mmu.u_tlb.vpn\[1\][7],4.34µm
u_top.instruction_mmu.u_tlb.vpn\[2\][8],4.34µm
net35,4.34µm
_1061_,4.265µm
_0932_,4.24µm
_1069_,4.24µm
_0393_,4.22µm
_0950_,4.165µm
_1029_,4.165µm
_0926_,4.145µm
_1036_,4.145µm
_0338_,4.14µm
_1031_,4.095µm
_1078_,4.08µm
net210,4.08µm
_0302_,4.02µm
_1051_,4.02µm
_0352_,4µm
_0366_,4µm
u_top.dataMemory.clear_word[6],4µm
u_top.instruction_mmu.u_tlb.vpn\[2\][9],4µm
net19,4µm
net21,4µm
net23,4µm
u_top.instruction_mmu.u_tlb.vpn\[2\][14],3.98µm
_0890_,3.925µm
_0892_,3.925µm
_0918_,3.925µm
_0924_,3.925µm
_1019_,3.925µm
_0363_,3.88µm
_0453_,3.88µm
u_top.RV32I_Logic.Single_Cycle_Datapath.pcREG.q[4],3.88µm
u_top.RV32I_Logic.Single_Cycle_Datapath.pcREG.q[6],3.88µm
u_top.instruction_mmu.u_tlb.vpn\[0\][14],3.88µm
u_top.instruction_mmu.u_tlb.vpn\[0\][15],3.88µm
u_top.instruction_mmu.u_tlb.vpn\[1\][16],3.88µm
u_top.instruction_mmu.u_tlb.vpn\[1\][5],3.88µm
_0904_,3.865µm
_0883_,3.83µm
u_top.instruction_mmu.u_tlb.vpn\[0\][13],3.76µm
_0954_,3.705µm
_1004_,3.705µm
_0882_,3.69µm
_0443_,3.68µm
_1045_,3.66µm
_1080_,3.66µm
u_top.dataMemory.clear_word[1],3.64µm
_0458_,3.54µm
_0759_,3.54µm
u_top.RV32I_Logic.Single_Cycle_Datapath.pcREG.q[17],3.54µm
u_top.RV32I_Logic.Single_Cycle_Datapath.pcREG.q[21],3.54µm
u_top.RV32I_Logic.Single_Cycle_Datapath.pcREG.q[25],3.54µm
u_top.dataMemory.clear_word[4],3.54µm
u_top.instruction_mmu.u_tlb.valid\[1\],3.54µm
u_top.instruction_mmu.u_tlb.vpn\[1\][8],3.54µm
u_top.instruction_mmu.u_tlb.vpn\[3\][0],3.54µm
u_top.instruction_mmu.u_tlb.vpn\[3\][4],3.54µm
net25,3.54µm
_0380_,3.52µm
_0557_,3.52µm
_1054_,3.505µm
_0881_,3.49µm
_0986_,3.465µm
_1033_,3.465µm
_1059_,3.465µm
_0421_,3.44µm
_1020_,3.44µm
_1022_,3.44µm
u_top.instruction_mmu.u_tlb.vpn\[3\][13],3.44µm
net171,3.44µm
_0364_,3.42µm
_0396_,3.42µm
u_top.RV32I_Logic.Single_Cycle_Datapath.pcREG.q[16],3.42µm
u_top.RV32I_Logic.Single_Cycle_Datapath.pcREG.q[19],3.42µm
u_top.RV32I_Logic.Single_Cycle_Datapath.pcREG.q[24],3.42µm
u_top.instruction_mmu.u_tlb.vpn\[0\][17],3.42µm
u_top.instruction_mmu.u_tlb.vpn\[0\][18],3.42µm
u_top.instruction_mmu.u_tlb.vpn\[3\][5],3.42µm
net14,3.42µm
net39,3.42µm
_0591_,3.345µm
_0747_,3.32µm
_0409_,3.3µm
_0902_,3.245µm
_0990_,3.245µm
_1060_,3.245µm
_0381_,3.22µm
_0596_,3.155µm
_0323_,3.135µm
_0556_,3.1µm
_0743_,3.1µm
_0357_,3.08µm
_0460_,3.08µm
u_top.RV32I_Logic.Single_Cycle_Datapath.pcREG.q[26],3.08µm
u_top.instruction_mmu.u_tlb.vpn\[0\][0],3.08µm
u_top.instruction_mmu.u_tlb.vpn\[2\][19],3.08µm
u_top.instruction_mmu.u_tlb.vpn\[3\][2],3.08µm
u_top.instruction_mmu.u_tlb.vpn\[3\][8],3.08µm
_1035_,3.045µm
_1044_,3.045µm
_1040_,3.005µm
_1057_,3.005µm
_1066_,3.005µm
_0910_,2.98µm
u_top.instruction_mmu.u_tlb.vpn\[1\][1],2.98µm
u_top.instruction_mmu.u_tlb.vpn\[3\][12],2.98µm
_0295_,2.96µm
_0355_,2.96µm
_0372_,2.96µm
_0397_,2.96µm
_0406_,2.96µm
_0424_,2.96µm
_0585_,2.96µm
u_top.dataMemory.clear_word[5],2.96µm
u_top.dataMemory.clear_word[8],2.96µm
u_top.instruction_mmu.u_tlb.vpn\[0\][19],2.96µm
u_top.instruction_mmu.u_tlb.vpn\[2\][6],2.96µm
net17,2.96µm
_1065_,2.945µm
_0900_,2.885µm
_0964_,2.885µm
_0418_,2.84µm
_0595_,2.84µm
_0602_,2.84µm
net159,2.84µm
_0878_,2.84µm
_0879_,2.84µm
_1063_,2.835µm
_0581_,2.805µm
_0613_,2.805µm
_0992_,2.785µm
_1021_,2.785µm
_0335_,2.76µm
_0389_,2.76µm
_0463_,2.76µm
_0444_,2.74µm
_0478_,2.72µm
net183,2.72µm
_1048_,2.715µm
_0624_,2.64µm
_0341_,2.62µm
_0344_,2.62µm
_0386_,2.62µm
_0461_,2.62µm
_1076_,2.62µm
u_top.RV32I_Logic.Single_Cycle_Datapath.pcREG.q[28],2.62µm
u_top.instruction_mmu.u_tlb.valid\[3\],2.62µm
u_top.instruction_mmu.u_tlb.vpn\[0\][8],2.62µm
u_top.instruction_mmu.u_tlb.vpn\[3\][17],2.62µm
net18,2.62µm
net20,2.62µm
net40,2.62µm
_0944_,2.585µm
_1056_,2.585µm
_0948_,2.545µm
_1010_,2.545µm
_1038_,2.545µm
_1042_,2.545µm
_1049_,2.545µm
u_top.RV32I_Logic.Single_Cycle_Datapath.pcREG.q[2],2.52µm
u_top.instruction_mmu.u_tlb.vpn\[2\][16],2.52µm
_0301_,2.5µm
_0319_,2.5µm
_0326_,2.5µm
_0580_,2.5µm
_0589_,2.5µm
_0612_,2.5µm
_0625_,2.5µm
net154,2.5µm
net160,2.5µm
u_top.RV32I_Logic.Single_Cycle_Datapath.pcREG.q[14],2.5µm
u_top.RV32I_Logic.Single_Cycle_Datapath.pcREG.q[23],2.5µm
u_top.RV32I_Logic.Single_Cycle_Datapath.pcREG.q[27],2.5µm
u_top.RV32I_Logic.Single_Cycle_Datapath.pcREG.q[9],2.5µm
u_top.instruction_mmu.u_tlb.vpn\[2\][13],2.5µm
_0908_,2.485µm
_0920_,2.485µm
_0922_,2.485µm
_1046_,2.485µm
_1053_,2.485µm
net157,2.38µm
_0880_,2.38µm
_0936_,2.375µm
_0940_,2.375µm
_0970_,2.375µm
_1023_,2.325µm
_1034_,2.325µm
_1047_,2.325µm
_1055_,2.325µm
_0368_,2.3µm
_0416_,2.3µm
_1075_,2.28µm
_0934_,2.255µm
_0885_,2.21µm
_0293_,2.16µm
_0390_,2.16µm
_0391_,2.16µm
_0431_,2.16µm
_0681_,2.16µm
_0886_,2.16µm
_1074_,2.16µm
u_top.RV32I_Logic.Single_Cycle_Datapath.pcREG.q[3],2.16µm
u_top.instruction_mmu.u_tlb.vpn\[0\][9],2.16µm
u_top.instruction_mmu.u_tlb.vpn\[1\][0],2.16µm
net24,2.16µm
_0972_,2.125µm
_1058_,2.125µm
_1015_,2.085µm
_0405_,2.06µm
u_top.instruction_mmu.u_tlb.vpn\[2\][0],2.06µm
u_top.instruction_mmu.u_tlb.vpn\[2\][18],2.06µm
_0300_,2.04µm
_0314_,2.04µm
_0330_,2.04µm
_0429_,2.04µm
_0590_,2.04µm
_0607_,2.04µm
net153,2.04µm
net161,2.04µm
u_top.instruction_mmu.u_tlb.vpn\[0\][16],2.04µm
net169,2.04µm
net13,2.04µm
net16,2.04µm
_0586_,2.035µm
_0555_,1.915µm
_0603_,1.865µm
_0912_,1.865µm
_0296_,1.84µm
_0572_,1.84µm
_0888_,1.82µm
_0350_,1.7µm
_0407_,1.7µm
_0452_,1.7µm
_0617_,1.7µm
u_top.RV32I_Logic.Single_Cycle_Datapath.pcREG.q[22],1.7µm
u_top.instruction_mmu.u_tlb.vpn\[0\][1],1.7µm
u_top.instruction_mmu.u_tlb.vpn\[1\][2],1.7µm
u_top.instruction_mmu.u_tlb.vpn\[3\][1],1.7µm
net27,1.7µm
net38,1.7µm
_0324_,1.6µm
u_top.RV32I_Logic.Single_Cycle_Datapath.pcREG.q[20],1.6µm
u_top.RV32I_Logic.Single_Cycle_Datapath.pcREG.q[31],1.6µm
u_top.instruction_mmu.u_tlb.vpn\[0\][6],1.6µm
u_top.instruction_mmu.u_tlb.vpn\[1\][19],1.6µm
u_top.instruction_mmu.u_tlb.vpn\[2\][2],1.6µm
u_top.instruction_mmu.u_tlb.vpn\[2\][5],1.6µm
u_top.instruction_mmu.u_tlb.vpn\[2\][7],1.6µm
u_top.instruction_mmu.u_tlb.vpn\[3\][11],1.6µm
u_top.instruction_mmu.u_tlb.vpn\[3\][14],1.6µm
_0299_,1.38µm
_0328_,1.38µm
_0340_,1.38µm
_0351_,1.38µm
_0376_,1.38µm
net163,1.38µm
_0887_,1.36µm
net26,1.14µm
net30,1.14µm
net37,1.14µm
_0297_,0.92µm
_0308_,0.92µm
_0331_,0.92µm
_0337_,0.92µm
_0343_,0.92µm
_0358_,0.92µm
_0371_,0.92µm
_0373_,0.92µm
_0384_,0.92µm
_0387_,0.92µm
_0400_,0.92µm
_0402_,0.92µm
_0415_,0.92µm
_0457_,0.92µm
net156,0.92µm
net172,0.92µm
_0419_,0.46µm
net155,0.46µm
net158,0.46µm
net162,0.46µm
net28,0.46µm
